Link,Claim,Explanation,Label
https://www.indiatoday.in/fact-check/story/fact-check-news-clip-from-2017-goes-viral-with-claim-of-evm-foul-play-1906523-2022-01-30,"Media report shows BJP has tampered with EVM machines. The collector and SP of Bhind, Madhya Pradesh, have been removed after it was found that the VVPAT machine was dispensing slips with only BJP symbols.","This is a five-year-old incident and has no connection to any recent or upcoming election. The Bhind Collector and SP were shunted out in April 2017, ahead of by-election to Ater assembly seat in the district.",Mostly lies
https://www.indiatoday.in/fact-check/story/fact-check-this-is-not-the-man-who-led-coup-in-africa-burkina-faso-1906426-2022-01-30,Picture shows the man who led the coup in Africa’s Burkina Faso.,"On January 24, Burkina Faso’s military regime announced on state television that it had seized power. However, the image in question is of the captain who read out the statement on behalf of Lt-Col Paul-Henri Damiba, the coup leader.",Half True
https://www.indiatoday.in/fact-check/story/fact-check-this-mid-air-photoshoot-of-fighter-aircraft-is-not-from-india-s-republic-day-celebrations-1906148-2022-01-29,Video shows a daring mid-air photoshoot of an airshow by the Indian Air Force on Republic Day.,This video is from the rehearsal of an airshow by the Royal Saudi Air Force as part of the Kingdom's 90th National Day in 2020.,Mostly lies
https://www.indiatoday.in/fact-check/story/fact-check-did-this-tmc-leader-hoist-party-flag-in-place-of-tricolour-on-r-day-not-really-1905501-2022-01-28,"Former TMC MLA from Bengal’s Purulia district, Purna Chandra Bauri, unfurled the party flag in place of Tricolour to celebrate Republic Day.","This video does not show the complete event. On Republic Day, Bauri did hoist the TMC flag, but before that, he had also unfurled the national flag on another pole beside the party flag.",Mostly lies
https://www.indiatoday.in/fact-check/story/fact-check-old-unrelated-images-flood-social-media-as-visuals-of-police-crackdown-on-rrb-protests-1905328-2022-01-27,Heart-rending pictures of police brutality during the ongoing protests against RRB NTPC exam results.,"These images are old and of different incidents that have taken place in different states. However, there has been massive uproar against the police crackdown on RRB protesters.",Half True
https://www.indiatoday.in/fact-check/story/old-images-from-lucknow-falsely-linked-to-rrb-protests-bihar-1905326-2022-01-27#google_vignette,Pictures show police in Bihar brutally attacking candidates protesting against the RRB NTPC exam results.,"These images are from a 2018 protest held in Lucknow against alleged disparities in the recruitment of assistant teachers in UP. However, there has also been outrage over police highhandedness against RRB protesters.",Half True
https://www.indiatoday.in/fact-check/story/fact-check-cash-for-votes-in-up-old-image-manipulated-to-claim-sp-is-bribing-voters-1904868-2022-01-26,This image of an envelope with the ‘cycle’ symbol containing Rs 500 is proof that Samajwadi Party leader from Meerut Atul Pradhan is distributing money to lure voters.,This image is manipulated and Atul Pradhan’s name has been added to it. The original image is old and has been present on the Internet since at least 2017.,Mostly lies
https://www.indiatoday.in/fact-check/story/fact-check-this-is-not-the-indian-army-rescuing-a-bird-stuck-in-power-line-1904875-2022-01-26,Video shows an Indian soldier in a helicopter rescuing a bird tangled in power lines.,"This is a 2013 video from Virginia Beach, United States. It shows crew of an energy company rescuing a seagull that was trapped in power lines for hours.",Mostly lies
https://www.indiatoday.in/fact-check/story/fact-check-pictures-of-aap-leaders-wearing-skull-caps-viral-with-misleading-claims-1904419-2022-01-25,AAP leaders observe Muslim rituals during elections in Delhi and wear saffron scarves during polls in UP. ,None of the two images of AAP leaders wearing skull caps was taken during any election in Delhi. Both these images were taken in July 2016. Assembly and municipal elections in Delhi were held in 2015 and 2017. ,Half True
https://www.indiatoday.in/fact-check/story/fact-check-six-year-old-image-syrian-conflict-yemen-airstrike-1904249-2022-01-25,Image of man rescuing a baby after the deadly airstrike on Yemen.,"An airstrike by the Saudi-led coalition on Yemen’s Saada on January 21 killed over 80 people, including children. However, the above picture was taken in April 2016 after airstrikes on a medical centre in Aleppo, Syria.",Half True
https://www.indiatoday.in/fact-check/story/fact-check-this-video-of-kejriwal-praising-bhagwant-mann-for-his-pledge-to-quit-alcohol-is-old-1904390-2022-01-25,"AAP chief Arvind Kejriwal has praised Bhagwant Mann, his party’s CM candidate for Punjab, for his decision to quit drinking from January 1, 2022.",This video is from an AAP rally that was held ahead of Lok Sabha elections in 2019.,Half True
https://www.indiatoday.in/fact-check/story/fact-check-this-is-not-ias-officer-vijay-singh-lashing-out-at-west-over-their-colonial-mindset-1904266-2022-01-25,Video shows IAS officer Vijay Singh lashing out at Western countries at an international forum for their colonial attitude towards India when it comes to action on climate change.,"The man in the video is Vijay Prashad, a historian and journalist. He was speaking at the COP26 summit in Glasgow last year.",Mostly lies
https://www.indiatoday.in/fact-check/story/fact-check-old-images-linked-to-deadly-yemen-airstrike-that-killed-over-80-1903985-2022-01-25,Bodies of children being retrieved from the debris following an airstrike in Yemen’s Saada on January 21.,"None of these images are from the site of the deadly attack that killed over 80 people, including children. These images are from conflicts in different countries of the Middle East and have been in circulation for several years.",Mostly lies
https://www.indiatoday.in/fact-check/story/fact-check-old-video-protesters-blocking-smriti-irani-convoy-linked-to-up-polls-1903983-2022-01-25,Video of protesters blocking Union minister Smriti Irani’s convoy in the run-up to elections in Uttar Pradesh.,This is an old video from 2020. A group of Congress workers had blocked Irani’s cavalcade in Varanasi in protest against the alleged gang rape and murder of a 19-year-old woman in UP’s Hathras.,Mostly lies
https://www.indiatoday.in/fact-check/story/video-man-falling-building-fire-mumbai-fact-check-1903216-2022-01-22,"Video shows a man falling to his death from a high-rise building while trying to escape from a fire break out in Mumbai’s Tardeo area on January 22, 2022.","This video is from a fire incident that took place in Mumbai's Currey Road on October 22, 2021. However, a major fire did break out in a building in Mumbai’s Tardeo area on January 22.",Half True
https://www.indiatoday.in/fact-check/story/animation-video-circulated-as-indian-satellite-s-collision-with-international-space-station-1902503-2022-01-20,Video shows the collision of an under-maintenance Indian satellite with the International Space Station. American astronaut Michael Collins died during the incident. ,This is a 3D animation video created by CGI artist Aleksey Patrev. American astronaut Michael Collins of Apollo 11 fame died of cancer at the age of 90 in April 2021. ,Mostly lies
https://www.indiatoday.in/fact-check/story/this-speech-of-pm-modi-taking-a-dig-at-corruption-and-congress-is-five-years-old-1902028-2022-01-19,"In a recent speech in Goa, Prime Minister Narendra Modi has warned the Congress against its corrupt practices.","This speech is over five years old. It was made on November 13, 2016, just a few days after demonetisation. In this emotional speech, PM Modi had warned of stringent action against those indulging in corrupt practices, and also appealed to people to support the fight against corruption.",Mostly lies
https://www.indiatoday.in/fact-check/story/fact-check-tonga-volcano-dramatic-video-of-people-braving-gushing-waves-is-not-from-tsunami-hit-1901841-2022-01-19,People filming tsunami waves in Tonga risking their lives.,"A volcanic eruption in the South Pacific triggered a massive tsunami in the tiny island nation of Tonga a few days back, killing three people and wreaking havoc. But the above video is of a tidal bore in Indonesia shot in December 2021.",Mostly lies
https://www.indiatoday.in/fact-check/story/pictures-china-us-archaeological-findings-in-uttar-pradesh-1901508-2022-01-18,"A 4,000-year-old wooden chariot was found near Sanauli, UP, whose wheels are covered with thick copper plates. Copper helmets, comb and a mirror decorated with camel and peacock were also found.","Although there have been remarkable discoveries in Sanauli in recent years, the chariot seen in the viral post was unearthed in China’s Henan province. Reports said these are “3000-year-old remains of horses and wooden chariots from a Zhou Dynasty tomb in Luoyang”.",Half True
https://www.indiatoday.in/fact-check/story/fact-check-2010-image-from-germany-passed-off-as-construction-of-lpg-pipeline-in-gorakhpur-1901131-2022-01-17,Image shows construction of the world’s longest pipeline project from Kandla in Gujarat to Gorakhpur in Uttar Pradesh.,"Though such a project is in the works, the image used was taken in Germany in April 2010. This pipeline was constructed for supplying natural gas from Russia to Western Europe.",Half True
https://www.indiatoday.in/fact-check/story/fact-check-do-not-gulp-down-this-morphed-image-of-kejriwal-and-bhagwant-mann-in-front-of-liquor-shops-1901061-2022-01-17,Picture of Arvind Kejriwal and his party MP Bhagwant Mann sitting in front of liquor shops.,"The viral image is morphed. In the original picture, Kejriwal and Mann are seen sitting on a cot amid mustard fields. This was during their interaction with farmers in Punjab’s Chamkaur Sahib a few days back.",Absolutely false
https://www.indiatoday.in/fact-check/story/fact-check-old-unrelated-photos-shared-as-from-recent-naxal-attack-in-chhattisgarh-1900586-2022-01-16,"These images are of a Naxal-provoked IED blast that injured three SSB jawans on January 14, 2022 in Chhattisgarh.","While it is true that three jawans were injured in an IED blast in Chhattisgarh on January 14, none of these images are from the incident. These images are from different Naxal attacks that took place in India between 2013 and 2021.",Half True
https://www.indiatoday.in/fact-check/story/fact-check-british-man-finding-ancient-roman-treasure-in-his-first-try-is-old-news-1900244-2022-01-14,"British man discovers ancient Roman coins that were underground for 1,700 years in his first-ever treasure hunt.","The incident happened nearly 12 years ago and the viral post is copied from a news report dated September 9, 2009.",Half True
https://www.indiatoday.in/fact-check/story/nuremberg-code-mandated-use-of-masks-war-crime-1900210-2022-01-14,Mandating the use of masks among citizens is a war crime according to the Nuremberg Code.,"This is a 2018 incident from Baghpat, Uttar Pradesh. It shows three students and a teacher beating a man with sticks after he harassed them in their college. The video has no connection with the Congress campaign in poll-bound UP.",Absolutely false
https://www.indiatoday.in/fact-check/story/fact-check-these-girls-didn-t-thrash-an-eve-teaser-inspired-by-congress-s-ladki-hoon-lad-sakti-hoon-campaign-1897776-2022-01-09,"Inspired by Congress leader Priyanka Gandhi’s new campaign, 'Ladki Hoon, Lad Sakti Hoon', girls thrashed a man who was misbehaving with them.","This is a 2018 incident from Baghpat, Uttar Pradesh. It shows three students and a teacher beating a man with sticks after he harassed them in their college. The video has no connection with the Congress campaign in poll-bound UP.",Half True
https://www.indiatoday.in/fact-check/story/fact-check-2018-image-from-rajasthan-shared-as-brahmin-protest-against-bjp-in-up-1896463-2022-01-05,An image shows the Brahmin community in Uttar Pradesh burning BJP flags and declaring not to vote for the party.,This image was taken in Rajasthan in 2018. Supporters of a local politician named Hansraj Patel were burning BJP flags after the party denied him a ticket for the state assembly elections at the time.,Mostly lies
https://www.indiatoday.in/fact-check/story/fact-check-misleading-claims-on-moon-mission-orbit-around-astronaut-rakesh-sharma-on-his-birthday-1899814-2022-01-13,"Tribute to Rakesh Sharma, the first Indian astronaut to walk on the moon, on his birthday on January 13.","No astronaut from India has landed on the moon till now. Rakesh Sharma was the first Indian to travel to space. In 1984, Sharma, along with Russian cosmonauts, spent a week in space laboratory Salyut-7.",Mostly lies
https://www.indiatoday.in/fact-check/story/thermocol-recycling-video-shared-as-production-of-artificial-sugar-1899309-2022-01-12?utm_source=twshare&utm_medium=socialicons&utm_campaign=shareurltracking,Video shows production of artificial sugar from thermocol. ,"Conclusion - Experts have clarified that the video shows recycling of thermocol into synthetic resins for reuse. The plastic granules are then used for production of different plastic products such as chairs, tables, toys, decorative items, etc. ",Absolutely false
https://www.indiatoday.in/fact-check/story/netizens-go-down-wrong-track-over-19th-century-steam-locomotive-1898867-2022-01-11,"In an amazing archaeological finding, a Civil War-era steam locomotive has been unearthed in pristine condition in Atlanta, United States. ","The 19th century locomotive's name is ""Texas"". It was kept in Atlanta's Civil War Museum for years. In 2015, it was relocated to the Atlanta History Center where the above pictures were taken. It is not an archaeological finding. ",Half True
https://www.indiatoday.in/fact-check/story/fact-check-no-ministers-didn-t-discuss-removal-of-sikhs-from-army-this-is-how-doctored-video-was-made-1897514-2022-01-08,This video shows a glimpse of the Cabinet Committee on Security meeting where removal of all Sikhs from the army was being discussed.,"This video is doctored. The actual video shows the Cabinet Committee on Security meeting that was held on December 8, 2021, after CDS General Bipin Rawat’s death in a chopper crash. The audio was taken from a discussion that happened on Clubhouse social audio app.",Absolutely false
https://www.indiatoday.in/fact-check/story/fact-check-this-pro-khalistan-rally-is-not-linked-to-pm-modi-s-punjab-visit-1897011-2022-01-07,Video shows “Khalistan Zindabad” slogans being raised during Modi’s visit to Punjab on January 5. The PM’s convoy was stopped due to protests some distance away from his scheduled public meeting in Ferozepur.,The video is old and not related to PM Modi’s recent visit to Punjab.,Half True
https://www.indiatoday.in/fact-check/story/fact-check-crowd-at-yogi-s-up-rally-passed-off-as-turnout-at-pm-modi-s-punjab-event-1896980-2022-01-06,Image shows a large crowd that had gathered for Modi’s public meeting in Punjab’s Ferozepur on January 5. The event was later cancelled due to the security breach of the PM’s convoy.,"This image is from a public meeting held by Yogi Adityanath in Deoband, Uttar Pradesh, on January 4.",Mostly lies
https://www.indiatoday.in/fact-check/story/fact-check-evolution-of-crpf-tactical-gear-over-the-decade-not-really-1894936-2022-01-02,A photo comparison of upgraded gear used by the CRPF in 2011 and 2022.,"The claim is misleading as the image shared as that of the CRPF jawan from 2011 was clicked in 2017, while the second image is of an elite commando of the paramilitary force.",Half True
https://www.indiatoday.in/fact-check/story/fact-check-amid-new-year-elation-england-christmas-train-mistaken-for-tejas-express-1894241-2021-12-30,"Tejas Express from Mumbai to Goa, illuminated for Christmas.","This video shows the “Christmas Train of Lights”, a festival train run during Christmas in South West England.",Mostly lies
https://www.indiatoday.in/fact-check/story/fact-check-pope-francis-did-not-say-he-will-replace-the-bible-with-new-book-biblia-2000-1893473-2021-12-28,Pope Francis cancels the Bible and proposes to create a new book.,This news report screenshot is from a 2018 article published by a satire site. There is no credible news report about Pope Francis making such a statement.,Absolutely false
https://www.indiatoday.in/fact-check/story/fact-check-queen-velu-nachiyar-from-tamil-nadu-wasnt-first-indian-ruler-to-go-to-war-against-british-1892831-2021-12-27,"In 1780, Queen Velu Nachiyar of Tamil Nadu's Sivaganga became the first Indian ruler to fight the British.","The English East Indian Company fought several Indian rulers before 1780, including some iconic episodes of Anglo-Indian history like the Battle of Plassey (1757), the Battle of Buxar (1764) and the First Anglo-Mysore War (1767–69).",Absolutely false
https://www.indiatoday.in/fact-check/story/fact-check-this-viral-image-is-not-of-asteroid-that-passed-earth-december-1892292-2021-12-26,This asteroid - caught on camera in the skies over India - just missed hitting earth in December.,"It is true that three asteroids went past earth between November 29 to December 17 this year, but the viral image is that of a meteorite photographed six years ago. Photographer Prasenjeet Yadav was taking pictures in the Western Ghats in 2015 when his camera accidentally caught a green streak of light across the night sky.",Mostly lies
https://www.indiatoday.in/fact-check/story/fake-news-mumbai-garden-named-after-chhatrapati-shivaji-s-mother-has-not-been-renamed-1891373-2021-12-23,The Shiv Sena government in Maharashtra has changed the name of Mumbai’s iconic Veer Mata Jijabai Bhosale Udyan to Hajrat Haji Peer Baba Rani Baug.,The public garden is named after Chhatrapati Shivaji’s mother and there has been no change in its name. The stone plaque seen in the image is of a dargah that has existed in the zoo premises for decades.,Mostly lies
https://www.indiatoday.in/fact-check/story/fact-check-viral-video-of-anti-modi-protests-in-varanasi-is-doctored-1891006-2021-12-22,Prime Minister Narendra Modi was booed by the people of Varanasi during his recent trip which the media never showed. People shouted anti-Modi slogans while he was walking down the streets with Yogi Adityanath.,"The viral video is edited. The audio “Hai Hai Modi” has been superimposed on the video. In the original video, people were actually heard raising pro-Modi slogans and trying to take a selfie with him.",Absolutely false
https://www.indiatoday.in/fact-check/story/fact-check-bill-gates-creating-omicron-video-game-in-1999-adds-to-the-long-list-of-conspiracy-claims-1890859-2021-12-22,Bill Gates had created a video game called “Omicron” in 1999. The game was about demons pretending to be humans and harvesting their souls. Is it mere coincidence that the same variant is ravaging humankind in 2021?,This is yet another conspiracy theory. The actual name of the video game was “Omikron: The Nomad Soul”. It was created by a French video game developer and not by Gates or Microsoft.,Mostly lies
https://www.indiatoday.in/fact-check/story/bride-marrying-different-groom-miscued-paraglider-landing-1890235-2021-12-21,Theme marriage gone horribly wrong in Gwalior. A bride married a different groom after she mistakenly landed at a different venue during her paragliding entry.,This is a fictitious story published by satire website “The Fauxy”. The website in its disclaimer section has clearly advised readers not to confuse its articles as genuine.,Absolutely false
https://www.indiatoday.in/fact-check/story/fact-check-niagara-falls-green-and-red-illumination-no-bangladesh-connect-1889703-2021-12-20,Picture shows Niagara Falls in Canada lit up in honour of Bangladesh Victory Day.,Niagara Falls in Canada was illuminated in green and red for Christmas. Bangladesh Victory Day is marked on December 16. The calendar for Niagara’s illumination schedule does not even mention Bangladesh Victory Day on its website.,Mostly lies
https://www.indiatoday.in/fact-check/story/fact-check-ramanujan-prize-for-young-mathematicians-winner-neena-gupta-1889137-2021-12-17?utm_source=twshare&utm_medium=socialicons&utm_campaign=shareurltracking,Kolkata-based Neena Gupta becomes first Indian to win the Ramanujan Prize for young mathematicians.,"The claim is misleading as Neena Gupta is the fourth Indian to win the award. Ritabrata Munshi (2018), Amalendu Krishna (2015) and Sujatha Ramdorai (2006) from India have won the prize before. ",Mostly lies
https://www.indiatoday.in/fact-check/story/fact-check-no-kangana-ranaut-did-not-celebrate-vijay-diwas-with-bsf-jawans-1889055-2021-12-17?utm_source=twshare&utm_medium=socialicons&utm_campaign=shareurltracking,Images show actor Kangana Ranaut celebrating the Vijay Diwas with BSF jawans this year.,"These images are from Kangana’s visit to the BSF Frontier Headquarter in Jammu on February 7, 2017, to promote her film ‘Rangoon’.",Mostly lies
https://www.indiatoday.in/fact-check/story/fact-check-vaccination-every-week-to-prevent-omicron-lockdown-no-its-satire-1888548-2021-12-16,Scientists at Pfizer have warned that weekly vaccinations are required to prevent an Omicron-induced lockdown.,"The article was originally published on a satire website. However, some people believed it to be a genuine news report.",Absolutely false
https://www.indiatoday.in/fact-check/story/tale-of-mummified-aliens-egypt-fictitious-1888317-2021-12-16,"The discovery of this strange looking mummy only strengthens the belief that aliens visited ancient Egypt. Scientists cannot explain anything about this mummy which was uncovered by Dr Victor Lubeck, a retired professor from the University of Pennsylvania.",These are two mummified baby girls found by Egyptologist Howard Carter while discovering King Tutankhamun’s tomb in 1922. DNA tests suggest that Tutankhamun was most likely the father of the two fetuses.,Mostly lies
https://www.indiatoday.in/fact-check/story/fact-check-army-veteran-emotional-note-not-linked-cds-bipin-rawat-chopper-crash-1887844-2021-12-14,This is an emotional story about an Army veteran who lost his son in an IAF chopper crash. The man had already lost two other sons in different wars. Netizens assume the son to be a victim of the Coonoor chopper crash that claimed the lives of CDS Bipin Rawat and 12 others.,This message has been in circulation on the internet at least since 2013 and is not related to the Coonoor chopper crash.,Mostly lies
https://www.indiatoday.in/fact-check/story/fact-check-these-vehicle-graveyards-are-not-in-japan-but-united-states-1887443-2021-12-14,These are pictures of vehicle graveyards in Japan.,These are pictures of vehicle graveyards in the US. One of them is a digital recreation of a vehicle graveyard in New Mexico by Turkish artist Ayd?n Büyükta?. The other two were taken by Reuters photographer Lucy Nicholson in California in 2018. ,Mostly lies
https://www.indiatoday.in/fact-check/story/fact-check-animation-goes-viral-as-satellite-visuals-of-chopper-crash-that-killed-cds-rawat-1887014-2021-12-12,"This is the satellite video of the helicopter crash that killed CDS Bipin Rawat. It appears that the tail rotor got snapped and the chopper turned in the reverse direction, leading to the crash.",This is an animation created by a Tamil news channel. The channel never claimed it to be satellite imagery. The video just tried to explain how the crash took place. The incident is being probed by a tri-service commission.,Mostly lies
https://www.indiatoday.in/fact-check/story/fact-check-shops-caught-fire-due-to-short-circuit-video-shared-as-of-nagaland-violence-1885326-2021-12-08,Video shows an angry mob resorting to arson in Nagaland’s Tuensang after the killing of civilians by security forces.,This video is of a fire that had broken out in Tuensang on December 5 due to short circuit. A few shops were damaged in the blaze. The video is not related to the protests that broke out following the killing of civilians by security forces.,Mostly lies
https://www.indiatoday.in/fact-check/story/controversial-statement-wrongly-attributed-to-priyanka-gandhi-1885284-2021-12-07,"While campaigning in Uttar Pradesh, Priyanka Gandhi has warned that if namaaz on roads are prohibited, the Congress will disallow yoga in parks.","So far, there is no credible report about Priyanka making such a statement during her election campaign in UP. Also, the statement has been in circulation since 2018 and was earlier attributed to only “Congress”.",Absolutely false
https://www.indiatoday.in/fact-check/story/fact-check-1966-incident-police-firing-sadhus-goes-viral-with-exaggerated-claims-1884800-2021-12-06,"On November 7, 1966, hundreds of sadhus and gau rakshaks, who were part of the anti-cow slaughter agitation, were killed in police firing in Delhi at the behest of the Indira Gandhi government.","The incident took place when the agitators’ Parliament march turned violent. Historical documents, including Parliament records and newspaper articles, show eight deaths, including seven agitators and a policeman.",Mostly lies
https://www.indiatoday.in/fact-check/story/fact-check-was-there-a-1963-movie-called-the-omicron-variant-no-this-poster-was-created-for-fun-1883522-2021-12-02,This is the poster of a movie named “The Omicron Variant” which was released in 1963.,This is an edited poster that was created using the poster of a 1974 film “Phase IV”. The title “The Omicron Variant” has been added to it. There is no actual movie with this name.,Absolutely false
https://www.indiatoday.in/fact-check/story/fact-check-unverified-information-about-omicron-variant-cause-social-media-panic-1882571-2021-11-30,"The new Omicron variant of coronavirus is deadlier, with higher death rates and often no symptoms. RTPCR tests cannot detect the strain.","WHO has assessed Omicron’s risk levels to be “very high”. However, as per latest reports, it is still uncertain about the transmissibility and severity of the strain. No death due to Omicron has been reported yet and RTPCR tests are still recommended to detect coronavirus.",Mostly lies
https://www.indiatoday.in/fact-check/story/old-picture-from-uttarakhand-shared-as-gujarat-school-1882504-2021-11-30,This dilapidated structure with the roof missing is a government school in Gujarat.,The picture is almost four years old and of a government school in Uttarakhand’s Almora district. The school is in the same condition now.,Mostly lies
https://www.indiatoday.in/fact-check/story/fact-check-picture-amit-shah-preamble-viral-wrong-claim-1881914-2021-11-29,Amit Shah is reading the blank reverse side of the Preamble.,This picture was taken during Constitution Day celebrations in Parliament on November 26. The President was reading out the Preamble and other members repeated it after him. The Preamble leaflet has two sides with the text in English and Hindi respectively. Members were reading the Preamble in Hindi.,Mostly lies
https://www.indiatoday.in/fact-check/story/fact-check-are-these-uptet-aspirants-sleeping-in-the-open-on-cold-night-1881856-2021-11-28,UPTET aspirants spent the whole night like this in harsh winters and then came to know in the morning that the exam was cancelled.,"This picture is from outside the Congress office in Lucknow where several unemployed youths from Rajasthan had come to meet Priyanka Gandhi on November 27. Failing to do so, they spent the night outside in protest.",Mostly lies
https://www.indiatoday.in/fact-check/story/fact-check-this-man-did-not-attack-an-airline-ceo-for-mandating-covid-vaccine-1881492-2021-11-27?utm_source=twshare&utm_medium=socialicons&utm_campaign=shareurltracking,A man publicly puts pie on the face of an airline CEO who mandated the Covid vaccine for all his employees.,This is a 2017 video from Australia and is unrelated to the pandemic or Covid vaccines. The man puts pie into the face of an airline CEO because the latter supports same-sex marriage.,Mostly lies
https://www.indiatoday.in/fact-check/story/fact-check-this-viral-vandalism-video-is-not-reaction-to-farm-laws-getting-scrapped-1881194-2021-11-26,Vandalism has begun after the withdrawal of farm laws was announced.,"The video was shot in Karnal, Haryana on January 10, 2021, when Chief Minister Manohar Lal Khattar was to attend a Kisan Mahapanchayat. But he had to cancel the programme as agitating farmers flung chairs, tore banners and vandalised the venue demanding scrapping of the farm laws. This is not a recent video.",Mostly lies
https://www.indiatoday.in/fact-check/story/fact-check-image-of-beijing-airport-passed-off-as-complete-look-of-noida-airport-1880764-2021-11-25?utm_source=twshare&utm_medium=socialicons&utm_campaign=shareurltracking,This is how the Noida international airport would look like upon completion.,"This is the Beijing Daxing International Airport in China. Meanwhile, Prime Minister Narendra Modi on November 25 laid the foundation stone of the Noida international airport at Jewar.",Half True
https://www.indiatoday.in/fact-check/story/fact-check-kiwis-welcomed-with-saffron-scarves-in-kanpur-this-is-an-old-picture-1880413-2021-11-24,New Zealand cricketers were greeted with saffron scarves upon their arrival in Kanpur for the first Test.,"The viral picture is from October 2017 when the Black Caps reached Kanpur to play the third ODI of a bilateral series. Saffron scarves were kept at the entrance of their hotel this time too, but were not used to greet the players.",Half True
https://www.indiatoday.in/fact-check/story/fact-check-netizens-score-a-self-goal-pass-off-soccer-fan-march-as-anti-lockdown-protest-1880446-2021-11-24,Video shows people in Austria protesting against the renewed lockdown.,"Though Austria is witnessing protests against renewed lockdown, this picture shows supporters of German football team Borussia Mönchengladbach marching down a street in Austria’s Graz in 2019.",Half True
https://www.indiatoday.in/fact-check/story/fact-check-this-morphed-image-of-mount-fuji-clouds-the-truth-1880072-2021-11-23,Lenticular clouds over Mount Fuji in Japan. ,"This is a photoshopped picture. The actual image was taken by one Raymond R Carr in 2005. In the actual image, only one layer of lenticular cloud can be seen. The other layers have been digitally added in the viral image. ",Mostly lies
https://www.indiatoday.in/fact-check/story/fact-check-viral-photo-poster-tipu-sultan-tiger-mysore-chhatrapati-shivaji-maratha-king-1879713-2021-11-22,"On his birth anniversary, this picture of Tipu Sultan reminds us of his valiance against British colonialism.",The viral picture is morphed. The original picture is of Chhatrapati Shivaji with his horse. The Shivaji poster has been up for sale on several e-commerce websites for long.,Mostly lies
https://www.indiatoday.in/fact-check/story/fact-check-haryana-roadways-to-paint-its-buses-red-not-quite-1879299-2021-11-21,Haryana Roadways buses will now be painted in red! Here’s the new look.,Haryana Roadways has no plans of changing the colour of its white-and-blue buses. It already has some red Volvos in its fleet for deluxe services.,Mostly lies
https://www.indiatoday.in/fact-check/story/fact-check-manipur-ambush-col-viplav-tripathi-viral-photos-videos-1879039-2021-11-20?utm_source=twshare&utm_medium=socialicons&utm_campaign=shareurltracking,"Photos show the site of the Manipur ambush by militants that killed Colonel Viplav Tripathi, his family, and four other soldiers.","While the first photo is from a 2015 militant attack in Manipur, the second image is from a territorial fight between villagers straddling the states of Assam and Nagaland.",Half True
https://www.indiatoday.in/fact-check/story/vir-das-vir-abdullah-das-morphed-wiki-page-screenshot-viral-actor-us-gig-1878329-2021-11-18,This is a screenshot of actor-comedian Vir Das’s Wikipedia page which shows that his real name is Vir Abdullah Das.,The screenshot is of his edited Wikipedia page. His actual name is Vir Das and he is a Hindu.,Absolutely false
https://www.indiatoday.in/fact-check/story/fact-check-fight-woman-flight-crew-unvaccinated-passenger-covid-1877415-2021-11-16,Video of a fight between a woman and the flight crew over the former refusing to sit beside her unvaccinated co-passenger.,The video does not show a real incident. It is a short film titled “Covid Flight”.,Absolutely false
https://www.indiatoday.in/fact-check/story/fact-check-stunning-artwork-shared-as-sunset-on-earth-as-seen-from-space-1877090-2021-11-15,This is what sunset on Earth looks like from space.,This image is a still taken from a computer-generated stock video that shows sunrise from space. The video was created by a German artist. Even NASA has denied that they’ve released the image.,Absolutely false
https://www.indiatoday.in/fact-check/story/fact-check-no-pak-cricketer-hasan-ali-s-house-was-not-attacked-after-t20-world-cup-defeat-1876442-2021-11-14,"After Pakistan’s defeat to Australia in the ICC T20 World Cup semifinal, stones were thrown at the house of Pak cricketer Hasan Ali for dropping a catch that allowed Matthew Wade to ensure Australia’s thrilling victory.",Sources from Hasan’s family and local journalists from Pakistan confirmed to AFWA that the claim is false. The photo of the house with the broken window glass is from an October 2021 incident in Karnataka.,Absolutely false
https://www.indiatoday.in/fact-check/story/fact-check-aussie-did-not-cheer-for-india-after-australia-beat-pak-t20-world-cup-1876187-2021-11-12?utm_source=twshare&utm_medium=socialicons&utm_campaign=shareurltracking,An Australian fan chanting 'Bharat Maata ki Jai' and 'Vande Mataram' after Australia defeated Pakistan by five wickets in the T20 World Cup at Dubai.,"This video is from the January 2021 edition of the Border-Gavaskar Trophy, a Test cricket series played between India and Australia. The series was held at the Gabba stadium in Brisbane.",Mostly lies
https://www.indiatoday.in/fact-check/story/fact-check-why-daughter-cant-marry-poor-man-explainers-falsely-pinned-on-musk-gates-1875783-2021-11-12,Tesla CEO Elon Musk has said his daughter can never marry a person who does not have the ability to create wealth.,"Musk has not given such a statement. Financial quotes borrowed from various videos and articles have been stitched together and falsely attributed to him. Also, Musk does not have a daughter.",Absolutely false
https://www.indiatoday.in/fact-check/story/cooked-up-quote-attributed-ricky-ponting-take-dig-team-india-1875369-2021-11-10,"Former Australian cricketer Ricky Ponting has taken a dig at India’s early exit from the T20 World Cup, saying money cannot buy success and Pakistan has proved that.",It is a cooked-up statement. Ponting has made no such remarks.,Absolutely false
https://www.indiatoday.in/fact-check/story/who-is-the-boss-of-the-universe-surely-not-this-piece-of-art-1874955-2021-11-10,"Image of BOSS, the largest structure in the universe discovered so far.",This is a computer-generated artwork that shows the distribution of galaxies in the universe.,Mostly lies
https://www.indiatoday.in/fact-check/story/fact-check-social-media-tata-twist-to-air-india-s-bhangra-moves-1874506-2021-11-09,Video of celebrations inside aircraft before Tata Air India’s first flight took off from India to Canada.,"This video is from 2018 when Air India resumed flights between Birmingham, United Kingdom, and Amritsar after eight years.",Absolutely false
https://www.indiatoday.in/fact-check/story/fact-check-video-garbage-floating-waterlogging-1874465-2021-11-08,Video shows garbage floating around a waterlogged market in Chennai after heavy rainfall.,"Though several parts of Tamil Nadu, including Chennai, have been affected with intense rainfall and waterlogging, this particular video is from Sadar Bazaar in New Delhi when the Capital witnessed heavy downpour a couple of months back.",Half True
https://www.indiatoday.in/fact-check/story/fact-check-virat-kohli-did-not-ask-afghan-captain-to-choose-bowling-after-toss-in-a-t20-match-1873543-2021-11-05?utm_source=twshare&utm_medium=socialicons&utm_campaign=shareurltracking,This video shows the Indian cricket captain Virat Kohli asking his Afghan counterpart Mohammad Nabi to choose bowling after the latter won the toss in the match held on November 3 between the two countries in the T20 World Cup 2021. This is evidence of match-fixing between India and Afghanistan.,"In the video, after winning the toss, Nabi says, “We will bowl first”, not Kohli. According to the T20 World Cup playing conditions, the captain of the side winning the toss shall decide whether to bat or to field and notify the opposing captain and the umpires of his decision.",Mostly lies
https://www.indiatoday.in/fact-check/story/fact-check-netizens-falsely-link-india-t20-rout-with-image-of-youth-smashing-tv-1872554-2021-11-02,Picture shows a 17-year-old youth from Uttar Pradesh smashing his TV after India's defeat to New Zealand in the T20 World Cup.,The picture is from 2017 when India lost to Pakistan in the Champions Trophy final and some TV sets were smashed on the streets of Ahmedabad.,Mostly lies
https://www.indiatoday.in/fact-check/story/fact-check-can-you-get-electrocuted-through-geyser-well-better-be-safe-than-sorry-1872464-2021-11-02,One should never take a shower while the geyser is on. This can lead to the person getting electrocuted.,"Though such incidents have been reported, they are rare and occur only when the earthing or geyser parts are faulty. However, geysers these days are equipped with advanced safety features.",Half True
https://www.indiatoday.in/fact-check/story/fact-check-has-india-never-won-against-new-zealand-in-any-icc-event-1872132-2021-11-01,India has never beaten New Zealand in ICC events.,"India has played three T20 World Cup matches against New Zealand and lost all of them. But in the 50-over format, India has won three of the eight matches against New Zealand – two in 1987 and one in the 2003 World Cup.",Mostly lies
https://www.indiatoday.in/fact-check/story/fact-check-indira-over-shivaji-why-social-media-flak-for-uddhav-is-misplaced-1872170-2021-11-01,Shiv Sena chief Uddhav Thackeray has insulted Marathi icon Chhatrapati Shivaji by putting a wooden plank on his portrait to accommodate Indira Gandhi’s picture.,The picture was clicked on October 31 at Uddhav’s residence-cum-office. Indira Gandhi’s photograph was kept on a wooden stand away from the wall and it wasn’t covering Shivaji’s portrait either. The angle of the picture has confused netizens.,Mostly lies
https://www.indiatoday.in/fact-check/story/fact-check-false-statement-attributed-to-dr-devi-shetty-on-puneeth-rajkumar-s-death-goes-viral-1871800-2021-11-01,"After Kannada superstar Puneeth Rajkumar’s death, Dr Devi Shetty said he died because of “doing too much to be fit”. Everything should be done in moderation, Dr Shetty advised.",The viral statement has been wrongly attributed to Dr Shetty. His office has called the message “fake”.,Mostly lies
https://www.indiatoday.in/fact-check/story/fact-check-netizens-drive-on-the-wrong-side-of-facts-on-pm-modi-s-italy-tour-1871797-2021-10-31,"Prime Minister Narendra Modi humiliated in Italy, had to take a taxi for his trips.",The picture is morphed. The original image tweeted by ANI does not have the ‘taxi’ logo on PM Modi’s vehicle. The picture was captured on October 30 while the PM was leaving Vatican City after meeting Pope Francis.,Mostly lies
https://www.indiatoday.in/fact-check/story/fact-check-wankhede-led-ncb-team-attacked-by-mob-in-goregaon-this-is-an-old-incident-1869789-2021-10-27,"A team of six NCB officials led by Sameer Wankhede was recently attacked by a mob of 60 people in Goregaon, Mumbai.",The incident took place last year. No such incident has occurred in Goregaon recently.,Mostly lies
https://www.indiatoday.in/fact-check/story/punjab-cm-channi-old-photo-on-electricity-pole-1868048-2021-10-22?utm_source=twshare&utm_medium=socialicons&utm_campaign=shareurltracking,Punjab CM Charanjit Singh Channi climbed a pole and fixed the power supply of Kurali area after getting complaints that electricity was disconnected in poor households due to non-payment of bills. ,"The incident is from 2016, before Channi became the Punjab CM. Channi had climbed a pole to reconnect the power supply to the waterworks at Rupnagar's Sihon Majra village. The power supply of the waterworks was allegedly disconnected due to non-payment of electricity bills.",Half True
https://www.indiatoday.in/fact-check/story/fact-check-amit-shah-did-not-rename-andaman-nicobar-islands-after-netaji-1867219-2021-10-20?utm_source=twshare&utm_medium=socialicons&utm_campaign=shareurltracking,Union Home minister Amit Shah has renamed Andaman and Nicobar Islands as Netaji Subhas Chandra Bose Islands.,"Shah did not rename the Union territory after Netaji. However, in 2018, Prime Minister Narendra Modi had renamed Ross Island, one of the islands in the archipelago, as Netaji Subhas Chandra Bose Island.",Half True
https://www.indiatoday.in/fact-check/story/conspiracy-theory-facebook-outage-linked-zuckerberg-crypto-ambitions-1862063-2021-10-07,"This is what Mark Zuckerberg said after the six-hour global outage of Facebook, Instagram and WhatsApp. The downtime was planned because they wanted to enter the cryptocurrency business.","This is part of Zuckerberg’s speech at Georgetown University, United States, in October 2019. He was speaking about freedom of expression on social media. Facebook has blamed faulty configuration behind the recent outage. The viral clip is edited and a graphics on cryptocurrency overlaid on it.",Mostly lies
https://www.indiatoday.in/fact-check/story/netizens-blame-chinese-hacker-for-facebook-outage-1861682-2021-10-06?utm_source=twshare&utm_medium=socialicons&utm_campaign=shareurltracking,"According to Reuters, a 13-year-old Chinese hacker named Sun Jisu is behind the recent Facebook outage.",Neither Reuters nor any other credible media outlet has claimed that Facebook was hacked. The social networking platform has said a faulty configuration led to the outage.,Mostly lies
https://www.indiatoday.in/fact-check/story/fact-check-curious-case-of-missing-bjp-from-varun-gandhi-twitter-bio-1860703-2021-10-04,Pilibhit Lok Sabha MP Varun Gandhi has removed “BJP” from his Twitter bio. This indicates that he may leave the BJP soon.,Varun Gandhi’s Twitter bio did not have the word “BJP” for the last seven years. The last time it was seen was way back in October 2014.,Mostly lies
https://www.indiatoday.in/fact-check/story/covid-dangerous-common-flu-norway-reclassify-disease-1860350-2021-10-04,"Norway has reclassified Covid-19, saying it’s no more dangerous than common flu.","With dip in cases, Norway has lifted Covid restrictions in the country. But it has not reclassified the disease or said that it is “no more dangerous than ordinary flu”. The claim is a distortion of a comment given by a health official to a local tabloid.",Mostly lies
https://www.indiatoday.in/fact-check/story/fact-check-yohani-manike-mage-hithe-cultural-envoy-india-sri-lanka-fake-news-1858893-2021-09-29,"Yohani De Silva, the Sri Lankan singer who has won the hearts of Indians with her song “Manike Mage Hithe”, has been appointed the cultural ambassador between the two countries by the Indian High Commission in Colombo.",The Indian High Commission in Sri Lanka had praised Yohani for the song and termed her the “newest cultural ambassador”. But it was misinterpreted by netizens. It was only a praise and there has been no official appointment.,Half True
https://www.indiatoday.in/fact-check/story/fact-check-rakesh-tikait-threat-to-media-houses-is-not-what-it-seems-1858372-2021-09-28,Rakesh Tikait has openly threatened media houses saying they are the next targets. The farmers’ leader has asked media to either support the agitation or face consequences. ,"The video is edited. In the longer version of the video, Tikait is heard referring to the Centre’s policies towards farmers. He said the government’s next target could be media houses and called upon them to join the protests. ",Mostly lies
https://www.indiatoday.in/fact-check/story/fact-check-not-subramanian-swamy-attending-opposition-leaders-meeting-1857298-2021-09-26?utm_source=twshare&utm_medium=socialicons&utm_campaign=shareurltracking,Subramanian Swamy spotted at a press briefing of the Opposition parties and has officially joined them.,"The man in the image is Congress leader Manish Chatrath, who is currently the AICC in-charge of Arunachal Pradesh and Meghalaya.",Mostly lies
https://www.indiatoday.in/fact-check/story/fact-check-qr-code-graveyard-japan-1853260-2021-09-15,"These graves in Japan are equipped with QR codes, scanning which one can get information about the deceased’s life.","This is a theme park in Southwest China. Visitors can scan the QR codes to commemorate victims of the Nanjing Massacre and Bombing of Chongqing, both committed by Japanese troops in China during World War II.",Mostly lies
https://www.aajtak.in/fact-check/story/up-election-akhilesh-yadav-aparna-yadav-viral-post-ntc-1397591-2022-01-22,"Former UP CM Akhilesh Yadav has said through a tweet that BJP may have taken the ""Bahu"" of SP, but it will not be able to defeat SP.",The viral tweet in the name of Akhilesh Yadav was made in a fake manner. Akhilesh has not given any such statement about Aparna Yadav.,Absolutely false
https://malayalam.indiatoday.in/fact-check/story/fact-check-can-hot-coconut-water-cure-cancer-336224-2022-01-22,Hot coconut water can kill cancer cells: Tata Memorial Hospital Message from Rajendra Badway.,"Tata Memorial Hospital Director Dr. Hospital officials said Rajendra Badway had not given such a message. Moreover, it has no scientific basis. Experts also warn cancer patients to drink only soft drinks as prescribed by a doctor.",Absolutely false
https://www.aajtak.in/fact-check/story/corona-zoom-meeting-mask-compulsory-mail-viral-fact-check-ntc-1390095-2022-01-10,This email was sent to an employee by his boss. It states that it is mandatory to wear a mask during the zoom meeting of the office. ,This is a fictitious email posted as a satire by a TikTok user. Later some people took it for real. ,Absolutely false
https://www.aajtak.in/fact-check/story/fact-check-akhilesh-yadav-worshiped-parashuram-taking-off-shoes-photo-misleading-claim-viral-ntc-1386839-2022-01-05??????Vfvdvdv,Former UP CM Akhilesh Yadav worshiped Lord Parshuram wearing shoes in Lucknow.,Akhilesh did not wear shoes while worshiping Lord Parashuram. The black thing seen in Akhilesh's feet in the picture are socks. ,Mostly lies
https://www.aajtak.in/fact-check/story/punjab-election-sonu-sood-congress-join-viral-pic-fact-check-ntc-1390844-2022-01-12,Actor and social worker Sonu Sood has joined the Congress party. ,Sonu Sood's sister Malvika Sood has joined the Congress and not himself. ,Mostly lies
https://www.aajtak.in/fact-check/story/plane-crash-video-shocking-viral-reality-check-fact-check-ntc-1389461-2022-01-09,It can be seen in the video how an airplane carrying passengers in Indonesia narrowly escaped from the crash. ,This is not a video of a real plane crash. It is made with the help of computer software. ,Absolutely false
